;name;country;birth_date
0;Жан Алези;Франция;11.06.1964
1;Фернандо Алонсо;Испания;29.07.1981
2;Микеле Альборето;Италия;23.12.1956
3;Хайме Альгерсуари;Испания;23.03.1990
4;Жером д'Амброзио;Бельгия;27.12.1985
5;Элио де Анджелис;Италия;26.03.1958
6;Марио Андретти;США;28.02.1940
7;Рене Арну;Франция;04.07.1948
8;Альберто Аскари;Италия;13.07.1918
9;Джанкарло Багетти;Италия;25.12.1934
10;Лука Бадоер;Италия;25.01.1971
11;Лоренцо Бандини;Италия;21.12.1935
12;Рубенс Баррикелло;Бразилия;23.05.1972
13;Дженсон Баттон;Великобритания;19.01.1980
14;Жан-Пьер Бельтуаз;Франция;26.04.1937
15;Герхард Бергер;Австрия;27.08.1959
16;Йо Боньер;Швеция;30.01.1930
17;Валттери Боттас;Финляндия;28.08.1989
18;Витторио Брамбилла;Италия;11.11.1937
19;Тони Брукс;Великобритания;25.02.1932
20;Джек Брэбэм;Австралия;02.04.1926
21;Себастьен Бурдэ;Франция;28.02.1979
22;Тьери Бутсен;Бельгия;13.07.1957
23;Себастьен Буэми;Швейцария;31.10.1988
24;Жюль Бьянки;Франция;03.08.1989
25;Стоффель Вандорн;Бельгия;26.03.1992
26;Паскаль Верляйн;Германия;18.10.1994
27;Жан-Эрик Вернь;Франция;25.04.1990
28;Жак Вильнёв;Канада;09.04.1971
29;Жиль Вильнёв;Канада;18.01.1950
30;Ник де Вриз;Нидерланды;06.02.1995
31;Гидо ван дер Гарде;Голландия;25.04.1985
32;Пьер Гасли;Франция;07.02.1996
33;Дэн Герни;США;13.04.1931
34;Питер Гетин;Великобритания;21.02.1940
35;Ричи Гинтер;США;05.08.1930
36;Тимо Глок;Германия;18.03.1982
37;Лукас ди Грасси;Бразилия;11.08.1984
38;Роман Грожан;Франция;17.04.1986
39;Эстебан Гутьеррес;Мексика;05.08.1991
40;Антонио Джовинацци;Италия;14.12.1993
41;Алан Джонс;Австралия;02.11.1946
42;Энтони Дэвидсон;Великобритания;18.04.1979
43;Патрик Дэпайе;Франция;09.08.1944
44;Жан-Пьер Жабуи;Франция;01.10.1942
45;Йо Зифферт;Швейцария;07.07.1936
46;Жаки Икс;Бельгия;01.01.1945
47;Эдди Ирвайн;Великобритания;10.11.1965
48;Нараин Картикеян;Индия;14.01.1977
49;Даниил Квят;Россия;26.04.1994
50;Джим Кларк;Великобритания;04.03.1936
51;Кристиан Клин;Австрия;07.02.1983
52;Камуи Кобаяши;Япония;13.09.1986
53;Хейкки Ковалайнен;Финляндия;19.10.1981
54;Питер Коллинз;Великобритания;06.11.1931
55;Роберт Кубица;Польша;07.12.1984
56;Дэвид Култхард;Великобритания;27.03.1971
57;Николас Латифи;Канада;29.06.1995
58;Ники Лауда;Австрия;22.02.1949
59;Жак Лаффит;Франция;21.11.1943
60;Шарль Леклер;Монако;16.10.1997
61;Витантонио Лиуцци;Италия;06.08.1981
62;Андре Лоттерер;Германия;19.11.1981
63;Кевин Магнуссен;Дания;05.10.1992
64;Никита Мазепин;Россия;02.03.1999
65;Брюс МакЛарен;Новая Зеландия;30.08.1937
66;Пастор Мальдонадо;Венесуэла;09.03.1985
67;Йохен Масс;Германия;30.09.1946
68;Фелипе Масса;Бразилия;25.04.1981
69;Роберто Мери;Испания;22.03.1991
70;Хуан-Пабло Монтойя;Колумбия;20.09.1975
71;Стирлинг Мосс;Великобритания;17.09.1929
72;Найджел Мэнселл;Великобритания;08.08.1953
73;Казуки Накаджима;Япония;11.01.1985
74;Алессандро Наннини;Италия;07.07.1959
75;Фелипе Наср;Бразилия;21.08.1992
76;Гуннар Нильссон;Швеция;20.11.1948
77;Ландо Норрис;Великобритания;13.11.1999
78;Эстебан Окон;Франция;17.09.1996
79;Джолион Палмер;Великобритания;20.01.1991
80;Оливье Панис;Франция;02.09.1966
81;Карлуш Пасе;Бразилия;06.10.1944
82;Рикардо Патрезе;Италия;17.04.1954
83;Серхио Перес;Мексика;26.01.1990
84;Ронни Петерсон;Швеция;14.02.1944
85;Виталий Петров;Россия;08.09.1984
86;Оскар Пиастри;Австралия;06.04.2001
87;Шарль Пик;Франция;15.02.1990
88;Нельсиньо Пике;Бразилия;25.07.1985
89;Нельсон Пике;Бразилия;17.08.1952
90;Дидье Пирони;Франция;26.03.1952
91;Ален Прост;Франция;24.02.1955
92;Луис Разиа;Бразилия;04.04.1989
93;Кими Райкконен;Финляндия;17.10.1979
94;Джордж Расселл;Великобритания;15.02.1998
95;Питер Ревсон;США;27.02.1939
96;Клей Регаццони;Швейцария;05.09.1939
97;Карлос Рейтеманн;Аргентина;12.04.1942
98;Пол ди Реста;Великобритания;16.04.1986
99;Даниэль Риккардо;Австралия;01.07.1989
100;Йохен Риндт;Австрия;18.04.1942
101;Педро Родригес;Мексика;18.01.1940
102;Педро де ла Роса;Испания;24.02.1971
103;Нико Росберг;Германия;27.06.1985
104;Кеке Росберг;Финляндия;06.12.1948
105;Александер Росси;США;25.09.1991
106;Карлос Сайнс;Испания;01.09.1994
107;Логан Сарджент;США;31.12.2000
108;Такума Сато;Япония;28.01.1977
109;Бруно Сенна;Бразилия;15.10.1983
110;Айртон Сенна;Бразилия;21.03.1960
111;Джон Сертис;Великобритания;11.02.1934
112;Сергей Сироткин;Россия;27.08.1995
113;Лудовико Скарфиотти;Италия;18.10.1933
114;Уилл Стивенс;Великобритания;28.06.1991
115;Лэнс Стролл;Канада;29.10.1998
116;Джеки Стюарт;Великобритания;11.06.1939
117;Адриан Сутил;Германия;11.01.1983
118;Патрик Тамбэ;Франция;25.06.1949
119;Пьеро Таруффи;Италия;12.10.1906
120;Морис Тринтиньян;Франция;30.10.1917
121;Вольфганг фон Трипс;Германия;04.05.1928
122;Ярно Трулли;Италия;13.07.1974
123;Джон Уотсон;Великобритания;04.05.1946
124;Марк Уэббер;Австралия;27.08.1976
125;Хуан-Мануэль Фанхио;Аргентина;24.06.1911
126;Нино Фарина;Италия;30.10.1906
127;Макс Ферстаппен;Голландия;30.09.1997
128;Себастьян Феттель;Германия;03.07.1987
129;Джанкарло Физикелла;Италия;14.01.1973
130;Эмерсон Фиттипальди;Бразилия;12.12.1946
131;Пьетро Фиттипальди;Бразилия;25.06.1996
132;Хайнц-Харальд Френтцен;Германия;18.05.1967
133;Ник Хайдфельд;Германия;10.05.1977
134;Мика Хаккинен;Финляндия;28.09.1968
135;Джеймс Хант;Великобритания;29.08.1947
136;Брендон Хартли;Новая Зеландия;10.11.1989
137;Рио Харьянто;Индонезия;22.01.1993
138;Джонни Херберт;Великобритания;25.06.1964
139;Грэм Хилл;Великобритания;15.02.1929
140;Фил Хилл;США;20.04.1927
141;Дэймон Хилл;Великобритания;17.09.1960
142;Майк Хоторн;Великобритания;10.04.1929
143;Денни Хьюм;Новая Зеландия;18.06.1936
144;Льюис Хэмилтон;Великобритания;07.01.1985
145;Нико Хюлкенберг;Германия;19.08.1987
146;Юки Цунода;Япония;11.05.2000
147;Карун Чандхок;Индия;19.01.1984
148;Гуаньюй Чжоу;Китай;30.05.1999
149;Макс Чилтон;Великобритания;21.04.1991
150;Джоди Шектер;ЮАР;29.01.1950
151;Михаэль Шумахер;Германия;03.01.1969
152;Ральф Шумахер;Германия;30.06.1975
153;Мик Шумахер;Германия;22.03.1999
154;Джек Эйткен;Великобритания;23.09.1995
155;Александр Элбон;Тайланд;23.03.1996
156;Маркус Эриксон;Швеция;02.09.1990
157;Сакон Ямамото;Япония;09.07.1982
