Жан Алези;Франция;11.06.1964
Фернандо Алонсо;Испания;29.07.1981
Микеле Альборето;Италия;23.12.1956
Хайме Альгерсуари;Испания;23.03.1990
Жером д'Амброзио;Бельгия;27.12.1985
Элио де Анджелис;Италия;26.03.1958
Марио Андретти;США;28.02.1940
Рене Арну;Франция;04.07.1948
Альберто Аскари;Италия;13.07.1918
Джанкарло Багетти;Италия;25.12.1934
Лука Бадоер;Италия;25.01.1971
Лоренцо Бандини;Италия;21.12.1935
Рубенс Баррикелло;Бразилия;23.05.1972
Дженсон Баттон;Великобритания;19.01.1980
Жан-Пьер Бельтуаз;Франция;26.04.1937
Герхард Бергер;Австрия;27.08.1959
Йо Боньер;Швеция;30.01.1930
Валттери Боттас;Финляндия;28.08.1989
Витторио Брамбилла;Италия;11.11.1937
Тони Брукс;Великобритания;25.02.1932
Джек Брэбэм;Австралия;02.04.1926
Себастьен Бурдэ;Франция;28.02.1979
Тьери Бутсен;Бельгия;13.07.1957
Себастьен Буэми;Швейцария;31.10.1988
Жюль Бьянки;Франция;03.08.1989
Стоффель Вандорн;Бельгия;26.03.1992
Паскаль Верляйн;Германия;18.10.1994
Жан-Эрик Вернь;Франция;25.04.1990
Жак Вильнёв;Канада;09.04.1971
Жиль Вильнёв;Канада;18.01.1950
Ник де Вриз;Нидерланды;06.02.1995
Гидо ван дер Гарде;Голландия;25.04.1985
Пьер Гасли;Франция;07.02.1996
Дэн Герни;США;13.04.1931
Питер Гетин;Великобритания;21.02.1940
Ричи Гинтер;США;05.08.1930
Тимо Глок;Германия;18.03.1982
Лукас ди Грасси;Бразилия;11.08.1984
Роман Грожан;Франция;17.04.1986
Эстебан Гутьеррес;Мексика;05.08.1991
Антонио Джовинацци;Италия;14.12.1993
Алан Джонс;Австралия;02.11.1946
Энтони Дэвидсон;Великобритания;18.04.1979
Патрик Дэпайе;Франция;09.08.1944
Жан-Пьер Жабуи;Франция;01.10.1942
Йо Зифферт;Швейцария;07.07.1936
Жаки Икс;Бельгия;01.01.1945
Эдди Ирвайн;Великобритания;10.11.1965
Нараин Картикеян;Индия;14.01.1977
Даниил Квят;Россия;26.04.1994
Джим Кларк;Великобритания;04.03.1936
Кристиан Клин;Австрия;07.02.1983
Камуи Кобаяши;Япония;13.09.1986
Хейкки Ковалайнен;Финляндия;19.10.1981
Питер Коллинз;Великобритания;06.11.1931
Роберт Кубица;Польша;07.12.1984
Дэвид Култхард;Великобритания;27.03.1971
Николас Латифи;Канада;29.06.1995
Ники Лауда;Австрия;22.02.1949
Жак Лаффит;Франция;21.11.1943
Шарль Леклер;Монако;16.10.1997
Витантонио Лиуцци;Италия;06.08.1981
Андре Лоттерер;Германия;19.11.1981
Кевин Магнуссен;Дания;05.10.1992
Никита Мазепин;Россия;02.03.1999
Брюс МакЛарен;Новая Зеландия;30.08.1937
Пастор Мальдонадо;Венесуэла;09.03.1985
Йохен Масс;Германия;30.09.1946
Фелипе Масса;Бразилия;25.04.1981
Роберто Мери;Испания;22.03.1991
Хуан-Пабло Монтойя;Колумбия;20.09.1975
Стирлинг Мосс;Великобритания;17.09.1929
Найджел Мэнселл;Великобритания;08.08.1953
Казуки Накаджима;Япония;11.01.1985
Алессандро Наннини;Италия;07.07.1959
Фелипе Наср;Бразилия;21.08.1992
Гуннар Нильссон;Швеция;20.11.1948
Ландо Норрис;Великобритания;13.11.1999
Эстебан Окон;Франция;17.09.1996
Джолион Палмер;Великобритания;20.01.1991
Оливье Панис;Франция;02.09.1966
Карлуш Пасе;Бразилия;06.10.1944
Рикардо Патрезе;Италия;17.04.1954
Серхио Перес;Мексика;26.01.1990
Ронни Петерсон;Швеция;14.02.1944
Виталий Петров;Россия;08.09.1984
Оскар Пиастри;Австралия;06.04.2001
Шарль Пик;Франция;15.02.1990
Нельсиньо Пике;Бразилия;25.07.1985
Нельсон Пике;Бразилия;17.08.1952
Дидье Пирони;Франция;26.03.1952
Ален Прост;Франция;24.02.1955
Луис Разиа;Бразилия;04.04.1989
Кими Райкконен;Финляндия;17.10.1979
Джордж Расселл;Великобритания;15.02.1998
Питер Ревсон;США;27.02.1939
Клей Регаццони;Швейцария;05.09.1939
Карлос Рейтеманн;Аргентина;12.04.1942
Пол ди Реста;Великобритания;16.04.1986
Даниэль Риккардо;Австралия;01.07.1989
Йохен Риндт;Австрия;18.04.1942
Педро Родригес;Мексика;18.01.1940
Педро де ла Роса;Испания;24.02.1971
Нико Росберг;Германия;27.06.1985
Кеке Росберг;Финляндия;06.12.1948
Александер Росси;США;25.09.1991
Карлос Сайнс;Испания;01.09.1994
Логан Сарджент;США;31.12.2000
Такума Сато;Япония;28.01.1977
Бруно Сенна;Бразилия;15.10.1983
Айртон Сенна;Бразилия;21.03.1960
Джон Сертис;Великобритания;11.02.1934
Сергей Сироткин;Россия;27.08.1995
Лудовико Скарфиотти;Италия;18.10.1933
Уилл Стивенс;Великобритания;28.06.1991
Лэнс Стролл;Канада;29.10.1998
Джеки Стюарт;Великобритания;11.06.1939
Адриан Сутил;Германия;11.01.1983
Патрик Тамбэ;Франция;25.06.1949
Пьеро Таруффи;Италия;12.10.1906
Морис Тринтиньян;Франция;30.10.1917
Вольфганг фон Трипс;Германия;04.05.1928
Ярно Трулли;Италия;13.07.1974
Джон Уотсон;Великобритания;04.05.1946
Марк Уэббер;Австралия;27.08.1976
Хуан-Мануэль Фанхио;Аргентина;24.06.1911
Нино Фарина;Италия;30.10.1906
Макс Ферстаппен;Голландия;30.09.1997
Себастьян Феттель;Германия;03.07.1987
Джанкарло Физикелла;Италия;14.01.1973
Эмерсон Фиттипальди;Бразилия;12.12.1946
Пьетро Фиттипальди;Бразилия;25.06.1996
Хайнц-Харальд Френтцен;Германия;18.05.1967
Ник Хайдфельд;Германия;10.05.1977
Мика Хаккинен;Финляндия;28.09.1968
Джеймс Хант;Великобритания;29.08.1947
Брендон Хартли;Новая Зеландия;10.11.1989
Рио Харьянто;Индонезия;22.01.1993
Джонни Херберт;Великобритания;25.06.1964
Грэм Хилл;Великобритания;15.02.1929
Фил Хилл;США;20.04.1927
Дэймон Хилл;Великобритания;17.09.1960
Майк Хоторн;Великобритания;10.04.1929
Денни Хьюм;Новая Зеландия;18.06.1936
Льюис Хэмилтон;Великобритания;07.01.1985
Нико Хюлкенберг;Германия;19.08.1987
Юки Цунода;Япония;11.05.2000
Карун Чандхок;Индия;19.01.1984
Гуаньюй Чжоу;Китай;30.05.1999
Макс Чилтон;Великобритания;21.04.1991
Джоди Шектер;ЮАР;29.01.1950
Михаэль Шумахер;Германия;03.01.1969
Ральф Шумахер;Германия;30.06.1975
Мик Шумахер;Германия;22.03.1999
Джек Эйткен;Великобритания;23.09.1995
Александр Элбон;Тайланд;23.03.1996
Маркус Эриксон;Швеция;02.09.1990
Сакон Ямамото;Япония;09.07.1982
